Project Name,Description,Difficulty,Language
Classic Pong Game,Recreate the classic Pong game where players control paddles to hit a bouncing ball.,Beginner,Python (Pygame)
Flappy Bird Clone,Develop a clone of the popular Flappy Bird game where players navigate a bird through pipes.,Beginner,Python (Pygame) or JavaScript (HTML5 Canvas)
Memory Card Matching Game,Create a memory card matching game where players flip cards to find matching pairs.,Beginner,HTML5, CSS, JavaScript
Brick Breaker Game,Build a brick breaker game where players use a paddle to bounce a ball and break bricks.,Beginner,Python (Pygame) or JavaScript (HTML5 Canvas)
Number Guessing Game,Develop a number guessing game where players try to guess a randomly generated number.,Beginner,Python or JavaScript
Platformer Game,Create a 2D platformer game with a character that jumps and navigates through levels.,Intermediate,Unity (C#)
Top-Down Shooter Game,Build a top-down shooter game where players control a character shooting enemies.,Intermediate,Unity (C#)
RPG-style Battle System,Develop an RPG-style turn-based battle system with characters, abilities, and enemies.,Intermediate,Unity (C#)
Maze Generator and Solver,Create a game that generates and solves mazes, challenging players to navigate through them.,Intermediate,Python (Pygame)
Racing Game,Build a racing game with tracks, vehicles, and AI opponents for players to compete against.,Intermediate,Unity (C#)
Open-World Exploration Game,Develop an open-world game with a large environment for players to explore and interact with.,Advanced,Unity (C#)
Real-Time Strategy (RTS) Game,Create an RTS game where players build bases, gather resources, and command units.,Advanced,Unity (C#)
Multiplayer Online Battle Arena (MOBA) Game,Build a MOBA game where teams of players compete against each other in an arena.,Advanced,Unity (C#)
First-Person Shooter (FPS) Game,Develop an FPS game with realistic graphics, weapons, and multiplayer capabilities.,Advanced,Unity (C#)
Text-Based Adventure Game,Create an interactive text-based adventure game with branching storylines and choices.,Advanced,Python or JavaScript
Procedural Content Generation Game,Build a game where levels, characters, and assets are generated procedurally.,Varies (depends on complexity),Unity (C#) or Python
Narrative-driven Interactive Story Game,Create a game with strong narrative elements where player choices affect the storyline.,Varies (depends on complexity),Unity (C#) or Ren'Py (visual novel engine)
Augmented Reality (AR) Game,Develop a game that integrates AR technology to overlay virtual elements on the real world.,Varies (depends on AR platform),Unity (C#) with AR platforms (e.g., ARCore, ARKit)
Virtual Reality (VR) Exploration Game,Create a VR game that immerses players in a virtual environment they can explore.,Varies (depends on VR platform),Unity (C#) with VR platforms (e.g., Oculus, HTC Vive)
Music-Rhythm Game,Build a game where players synchronize actions with music beats, similar to Dance Dance Revolution or Guitar Hero.,Varies (depends on complexity),Unity (C#)
Process Scheduler Simulator,Build a simulation of a process scheduler in an operating system, implementing scheduling algorithms like FCFS, SJF, Round Robin, etc.,Intermediate,C/C++
Memory Management Simulation,Create a simulation of memory management in an OS, including memory allocation strategies like paging and segmentation.,Intermediate,C/C++
File System Implementation,Design and implement a simple file system with support for basic file operations and directory structure.,Intermediate,C/C++
Virtual Machine Monitor,Develop a virtualization system to create and manage virtual machines, similar to a hypervisor.,Advanced,Python (using libraries like QEMU)
Simple Chat Application,Build a simple peer-to-peer chat application using sockets, allowing users to communicate over a network.,Beginner,Python or Java
Network Packet Sniffer,Create a packet sniffer tool that captures and analyzes network traffic, showing information about packets.,Intermediate,Python
DNS Resolver,Develop a Domain Name System (DNS) resolver that translates domain names to IP addresses.,Intermediate,Python or C/C++
Web Proxy Server,Build a proxy server that acts as an intermediary between clients and web servers, providing caching and content filtering.,Intermediate,Python or Java
Key-Value Store,Design and implement a distributed key-value store that supports data replication and fault tolerance.,Intermediate,Java or Go
Distributed File Sharing System,Create a distributed file sharing system where users can share files across multiple nodes.,Intermediate,Java or Python
MapReduce Framework,Develop a simple MapReduce framework that enables distributed processing of large datasets.,Intermediate,Java or Python
Blockchain Implementation,Build a basic blockchain system with the ability to create and verify transactions, forming a decentralized ledger.,Advanced,Python or JavaScript
Password Manager,Create a password manager application that securely stores and manages user passwords.,Beginner,Python or Java
Vulnerability Scanner,Develop a vulnerability scanner that identifies potential security weaknesses in a system or network.,Intermediate,Python
Encryption and Decryption Tool,Build a tool that performs encryption and decryption using cryptographic algorithms like AES or RSA.,Intermediate,Python or Java
Intrusion Detection System,Design an intrusion detection system that monitors network traffic for suspicious activities and alerts administrators.,Advanced,Python or Java
Smart Home Automation System,Create a smart home system that controls lights, appliances, and devices using embedded hardware.,Intermediate,C/C++ (Arduino)
Weather Station with IoT Connectivity,Build a weather station that collects and transmits weather data to an online platform using IoT protocols.,Intermediate,C/C++ (Arduino) or Python (Raspberry Pi)
Gesture-Controlled Robot,Develop a robot that can be controlled using gestures captured by sensors like accelerometers or cameras.,Intermediate,C/C++ (Arduino)
Digital Clock with Alarm,Create a digital clock with an alarm feature using a microcontroller and display module.,Beginner,C/C++ (Arduino)
Database Management System,Design and implement a basic relational database management system with support for SQL queries.,Intermediate,Python or Java
Online Shopping Platform,Build a simple online shopping platform with a database backend to manage products, orders, and users.,Intermediate,Python or Java
Data Migration Tool,Develop a tool for migrating data between different database systems while preserving data integrity.,Intermediate,Python or Java
Database Replication System,Create a database replication system that synchronizes data between multiple database instances.,Advanced,Java or Python
Autonomous Line Follower Robot,Build a robot that can autonomously follow a line or track using sensors like infrared or camera.,Intermediate,C/C++ (Arduino) or Python (Raspberry Pi)
Personal Portfolio Website,Create a personal portfolio website to showcase your projects and skills.,Beginner,JavaScript
To-Do List Application,Build a simple to-do list application where users can add, update, and delete tasks.,Beginner,JavaScript
Weather App,Develop a weather app that fetches and displays weather information based on user input.,Beginner,JavaScript
Blog Platform,Design a blog platform where users can create, edit, and publish articles.,Intermediate,JavaScript
E-commerce Website,Build an e-commerce platform with product listings, shopping cart, and checkout functionality.,Intermediate,JavaScript
Online Quiz App,Create an online quiz application with questions, options, and a scoring system.,Intermediate,JavaScript
Social Media Dashboard,Develop a social media dashboard with features like user profiles, posts, and comments.,Intermediate,JavaScript
Job Board Website,Build a job board where employers can post job listings and users can search and apply for jobs.,Intermediate,JavaScript
Chat Application,Create a real-time chat application that allows users to send and receive messages.,Intermediate,JavaScript
Recipe Sharing Platform,Design a platform where users can share and discover cooking recipes.,Intermediate,JavaScript
Authentication System,Develop a user authentication system with sign-up, login, and password reset functionalities.,Intermediate,JavaScript
Online Learning Platform,Build a platform for online courses with video lessons, quizzes, and progress tracking.,Advanced,JavaScript
Crowdfunding Platform,Create a crowdfunding website where users can launch and fund projects.,Advanced,JavaScript
Content Management System (CMS),Design a CMS that allows administrators to manage and publish content on a website.,Advanced,JavaScript
Music Streaming Service,Develop a music streaming platform with user playlists, recommendations, and audio playback.,Advanced,JavaScript
Fitness Tracking App,Build an app that helps users track their fitness activities, progress, and goals.,Intermediate,JavaScript
Real Estate Listings Website,Design a platform for real estate listings with property details, search filters, and maps.,Intermediate,JavaScript
Online Marketplace,Create an online marketplace where users can buy and sell products from various categories.,Intermediate,JavaScript
Event Booking System,Develop a system for users to browse and book tickets for events, concerts, and shows.,Intermediate,JavaScript
Language Learning App,Build an app that helps users learn a new language through lessons and interactive exercises.,Intermediate,JavaScript
Task Management Tool,Create a tool for managing tasks and projects with features like deadlines and priority levels.,Intermediate,JavaScript
Travel Planning Website,Design a website that assists users in planning trips by providing destination information and itineraries.,Intermediate,JavaScript
Job Matching Platform,Develop a platform that matches job seekers with suitable job listings based on skills and preferences.,Advanced,JavaScript
Video Sharing Website,Build a platform for users to upload, view, and share videos with comments and likes.,Advanced,JavaScript
Online Banking System,Create an online banking system with account management, transactions, and balance tracking.,Advanced,JavaScript
File Organizer Script,Create a script that organizes files in a directory by moving them into subdirectories based on file types.,Beginner,Python
Bulk Image Resizer,Develop a script that resizes a batch of images to a specified resolution.,Beginner,Python
Website Scraper,Build a script that extracts data from a website, such as news headlines or product information.,Intermediate,Python
Automated Email Sender,Create a script to send automated emails to a list of recipients with custom content.,Intermediate,Python
Password Generator,Develop a script that generates random passwords with specified criteria (length, characters, etc.).,Beginner,Python
Currency Converter,Build a script that converts between different currencies using current exchange rates.,Beginner,Python
File Backup Tool,Create a script that backs up specified files or directories to a backup location.,Intermediate,Python
Weather Notification Script,Develop a script that sends weather updates to your email or phone based on a specified location.,Intermediate,Python
URL Shortener,Build a script that shortens long URLs and provides a redirect to the original link.,Beginner,Python
Automated File Renamer,Create a script that renames files in a directory based on a specified naming pattern.,Beginner,Python
PDF Merger,Develop a script that merges multiple PDF files into a single PDF document.,Beginner,Python
Website Availability Checker,Build a script that checks the availability of a list of websites and sends notifications if any are down.,Intermediate,Python
Automated Social Media Posting,Create a script that schedules and posts content to social media platforms.,Intermediate,Python
Webpage Screenshots Generator,Develop a script that takes screenshots of a list of webpages and saves them as image files.,Intermediate,Python
Text-to-Speech Converter,Build a script that converts text input into speech using a text-to-speech engine.,Beginner,Python
Bulk File Downloader,Create a script that downloads multiple files from URLs provided in a text file.,Beginner,Python
Backup Automation Script,Develop a script that automates the backup of specified directories and databases.,Intermediate,Python
Subtitle Downloader for Videos,Build a script that searches and downloads subtitles for video files.,Beginner,Python
Currency Exchange Rate Tracker,Create a script that periodically fetches and logs currency exchange rates for analysis.,Intermediate,Python
Automated Data Entry,Develop a script that automates data entry tasks by reading from a source and populating a form.,Intermediate,Python
Website Change Monitor,Build a script that monitors a webpage for changes and sends notifications when changes occur.,Intermediate,Python
Translation Tool,Create a script that translates text between languages using a translation API.,Beginner,Python
Automated Backup to Cloud Storage,Develop a script that automatically backs up specified files to a cloud storage service.,Intermediate,Python
Daily Planner Reminder,Build a script that sends reminders for daily tasks and appointments.,Beginner,Python
Automated Data Cleanup,Create a script that cleans and formats data in CSV files according to predefined rules.,Intermediate,Python
Video Player,Create a basic video player application that can play local video files.,Beginner,Python (using libraries like PyQt or Tkinter)
Video Downloader,Build a script that downloads videos from URLs and saves them to your computer.,Beginner,Python (using libraries like youtube-dl)
Video Captioning Tool,Develop a tool that allows users to add captions or subtitles to videos.,Intermediate,Python (using video processing libraries)
Video Streaming Website,Create a website that hosts and streams videos, similar to a mini YouTube.,Intermediate,JavaScript (Node.js) and HTML/CSS
Video Editing Software,Build a basic video editing software with features like trimming, merging, and adding text.,Intermediate,Python (using libraries like moviepy)
Video Recommendation System,Develop a recommendation system that suggests videos based on user preferences.,Intermediate,Python (machine learning libraries like scikit-learn)
Video Background Removal,Create a script that removes the background from videos and replaces it with a different image.,Intermediate,Python (using libraries like OpenCV)
Video Chat Application,Build a real-time video chat application that allows users to communicate using video streams.,Advanced,JavaScript (Node.js) with WebRTC
Video Game Cinematics,Develop cinematic scenes or cutscenes for a video game to enhance storytelling.,Intermediate,Game Engine (Unity or Unreal Engine) with C#
Live Streaming Platform,Create a platform for live video streaming, allowing users to broadcast and watch live events.,Advanced,JavaScript (Node.js) and WebRTC
360-Degree Video Player,Build a player that supports viewing 360-degree videos, providing an immersive experience.,Intermediate,JavaScript (HTML5 Video and WebGL)
Video Analytics Dashboard,Develop a dashboard that analyzes video metrics like views, engagement, and audience demographics.,Advanced,Python (Django or Flask) with data visualization libraries
Green Screen Effect,Create a script that applies a green screen effect to videos, allowing background replacement.,Intermediate,Python (using libraries like OpenCV)
Video Compression Tool,Build a tool that compresses video files to reduce their size while maintaining quality.,Intermediate,Python (using libraries like FFmpeg)
Virtual Reality Video Experience,Develop a VR experience using 360-degree videos to immerse users in virtual environments.,Advanced,Unity (C#) with VR platforms
Video Object Tracking,Create a script that tracks specific objects within a video frame and annotates their movement.,Advanced,Python (using libraries like OpenCV)
Interactive Video Quiz,Build an interactive video quiz where viewers answer questions by clicking on the video.,Intermediate,HTML/CSS and JavaScript (video integration)
Video Speed Control Tool,Develop a script that allows users to adjust the playback speed of videos.,Beginner,Python (using libraries like moviepy)
Video Karaoke Application,Create an application that displays lyrics synchronized with a video, enabling karaoke sessions.,Intermediate,Python (using video and text processing libraries)
Video to GIF Converter,Build a tool that converts video clips into GIF animations.,Beginner,Python (using libraries like moviepy)
Deepfake Detection Tool,Develop a tool that detects and identifies deepfake videos using machine learning techniques.,Advanced,Python (machine learning libraries like TensorFlow)
Live Captioning for Videos,Create a tool that generates live captions or subtitles for videos in real time.,Advanced,Python (using speech recognition and video processing libraries)
Video Search Engine,Develop a search engine that indexes and allows users to search for videos across platforms.,Advanced,Python (using web scraping and indexing libraries)
Automated Video Thumbnail Generator,Build a script that generates visually appealing thumbnails for videos based on their content.,Intermediate,Python (using video processing and image manipulation libraries)
Video Augmentation for Machine Learning,Create a script that generates augmented training data for machine learning models using video transformations.,Intermediate,Python (using video processing libraries)
Anime Recommendation System,Develop a recommendation system that suggests anime titles based on user preferences and viewing history.,Intermediate,Python (using collaborative filtering or machine learning algorithms)
Anime Episode Tracker,Create a web or mobile application that allows users to track and manage their progress through different anime series.,Beginner,JavaScript (React for web, React Native for mobile)
Anime Character Quiz,Build a quiz game that challenges users to identify anime characters based on images or descriptions.,Beginner,Python (using a GUI library like Tkinter or PyQt)
Anime Streaming Website,Develop a website where users can browse and watch anime episodes and movies online.,Intermediate,JavaScript (Node.js) for the back end, HTML/CSS for the front end
Anime Voice Actor Database,Create a database and interface that provides information about anime voice actors and their roles.,Intermediate,Python (using a web framework like Flask or Django) with a database system (e.g., SQLite or PostgreSQL)
